{
  "SU2_b2.3_L4": {
    "N_c": 2,
    "L": 4,
    "beta": 2.3,
    "plaquette_mean": 0.6082809874671316,
    "plaquette_std": 0.010177142625528095,
    "wilson_loops": {
      "1x1": {
        "mean": 0.6392409856573262,
        "std": 0.025340345952885705
      },
      "1x2": {
        "mean": 0.4050001295280177,
        "std": 0.0437448690158463
      },
      "2x1": {
        "mean": 0.3433744903209105,
        "std": 0.05492673542606814
      },
      "2x2": {
        "mean": 0.1595336630504825,
        "std": 0.048542957502010535
      }
    },
    "mass_gap_estimate": 0.4563941257075684
  },
  "SU3_b5.5_L4": {
    "N_c": 3,
    "L": 4,
    "beta": 5.5,
    "plaquette_mean": 0.0016020340439996956,
    "plaquette_std": 0.00597228217365362,
    "wilson_loops": {
      "1x1": {
        "mean": 0.024426718286111995,
        "std": 0.02552243315790412
      },
      "1x2": {
        "mean": -0.01979558292179313,
        "std": 0.028016803698979353
      },
      "2x1": {
        "mean": -0.021336726879469404,
        "std": 0.026321398901387648
      },
      "2x2": {
        "mean": 0.029120041944531955,
        "std": 0.025946793532850263
      }
    },
    "mass_gap_estimate": 0.21021871688155588
  }
}